word,rtg
unsued,6
correal,10
attrist,9
keelage,8
hessite,10
Gothish,6
dialyze,7
cochief,3
wrastler,6
stormlike,2
chelem,10
tourbillion,9
psalmless,6
bardism,6
Baianism,7
cirrate,8
gliff,6
gurly,10
shunless,7
trotyl,9
amicronucleate,8
practicedness,6
disownment,3
supplicator,5
scrimmager,3
subapparent,6
Pleistocenic,5
monition,10
endurably,6
noncorrection,6
pulpitize,6
glebeless,7
unhelmet,5
vicarship,6
acidulate,6
trimuscular,5
ungazetted,6
counterjumper,6
straphanger,1
monotic,7
overexpectantly,7
minatorially,7
exhaustibility,3
incunabulist,10
overaggravation,7
cubicovariant,8
consequentialness,7
poeticality,7
copiability,7
pathoanatomical,6
overoffensive,4
mariticidal,3
apothegmatize,7
stromatology,6
unfordable,4
displeasurable,4
platitudinousness,7
chromotherapy,6
unmemorized,3
neurasthenically,6
tautomerizable,7
superindividualism,4
iridoparalysis,5
rememberability,3
erythrocytometer,7
uneleemosynary,7
aposematically,8
anticeremonialism,7
unannihilable,4
heterogenicity,5
unwarrantability,4
incognizability,4
astrometeorology,5
hexanitrodiphenylamine,9
cephalothoracopagus,9
magnetoelectricity,4
impolarizable,4
omnipotentiality,4
thermoperiodicity,6
irrecoverableness,5
eulogize,3
poha,2
pertly,4
grapnel,10
kummel,10
carcinoid,6
ferrum,6
trireme,6
illustre,8
Eustachian,7
slowworm,7
prepuce,5
lammergeier,7
urate,6
haikal,9
nibbler,3
brazer,5
hedger,3
befriender,3
murex,9
nominator,3
heliotrope,6
beggarman,5
eulogistic,5
spiderling,2
irreligion,4
exasperate,3
unkissed,4
radiantly,2
neglection,4
underfitting,5
pilaster,4
counterespionage,4
harpagon,6
cornuto,6
gartered,4
soliloquizing,5
scuppernong,6
halation,5
succinimide,7
nonstationary,4
septuagenarian,5
millenarianism,6
jollification,4
exceptionality,4
definiteness,4
posteromedial,6
photomicrograph,6
chromaticity,5
arsenopyrite,8
confiscatory,5
Deuteronomistic,7
thoracostomy,7
disapprobation,5
unidimensional,5
nonconventional,4
stereochemical,6
axiomatically,5
marginality,4
magnetizable,4
paternalistically,7
keratoconjunctivitis,8
multiplicatively,6
gastroenterological,8
nondenominational,5
adrenocorticotropic,9
representatively,5
understandability,4
dematerialization,7
myelomeningocele,9
uninterpretable,4
heterozygosity,8
unoriginality,4
psychoanalytically,7
incommensurable,4
dehumidification,7
hyperexcitability,6
interpretability,4
discriminability,5
irreproducible,4
Addy,0
limpid,1
tuberous,5
gadfly,1
undying,3
creel,2
moyen,6
grifter,3
expend,1
redden,1
fils,6
xylose,7
whippet,1
abed,5
palfrey,6
Toda,4
auk,1
culling,3
quieten,1
Niantic,4
dorsally,5
artifice,2
dressmaker,0
whitewash,1
parabolic,6
baptismal,3
belatedly,2
speckle,0
methylation,6
uncompleted,2
autochthonous,6
Susquehanna,4
obdurate,2
synonymy,4
carelessly,2
Cartesian,5
refocus,1
maturation,3
Orpington,4
conceited,3
habitability,4
plausibility,4
semicircle,3
materiality,4
episcopalian,5
preliminarily,5
unvaccinated,4
unencumbered,4
employability,4
unobtrusively,4
impulsiveness,4
irredeemable,4
uncategorized,4
tolerability,4
interdepartmental,5
minimization,4
phenobarbital,7
mummification,6
corroboration,5
ferromagnetic,6
epidemiological,6
characteristically,5
immunogenicity,7
administratively,5
irreconcilable,5
internationalization,7
unrecoverable,4
unidentifiable,4
unconstitutionally,6
adenocarcinoma,8
unrecognizable,4
pharmacologically,7
misidentification,6
billionaire,3
Elmer,0
bloodshed,3
attic,1
heartfelt,2
bode,2
Phoebe,1
Europa,1
frugal,2
soften,1
Omar,1
Draco,1
preach,1
clapping,1
tally,1
reckon,1
reins,1
nickname,1
faded,1
verb,0
insufficient,3
simulation,3
hedgehog,1
confidently,2
bacterial,3
barbecue,1
perpetual,3
illusion,3
fable,2
hustle,2
hibernation,3
innocence,2
Telugu,4
rectangular,3
anomaly,4
Pleistocene,5
penetrating,3
paternal,3
barricade,3
apostle,3
positively,3
mathematician,5
constitutionally,5
inaccessible,5
exploratory,4
experimentation,5
unpredictable,5
responsiveness,5
developmental,5
qualification,5
exaggeration,4
infinitely,4
solicitation,5
inactivity,4
characterization,5
renewable,4
urbanization,5
conceivable,4
aristocratic,5
unregistered,4
disproportionately,6
unimaginable,5
telecommunication,6
incomprehensible,6
morgan,1
quarters,1
pull,0
essay,1
minute,1
bitter,1
decide,1
mainly,1
abuse,2
meaningful,3
Georgia,1
pill,1
handling,2
novel,2
width,2
shape,1
Tuesday,1
quiet,1
curse,1
dressing,2
importance,3
enemy,2
atmosphere,3
universe,3
supporter,3
attraction,3
inspector,3
athletic,3
artificial,3
valuable,3
recording,3
revenue,3
statistics,4
declined,3
assured,3
satellite,3
cabinet,3
disappointed,3
barely,2
withdrawal,4
administrator,4
regulatory,5
determination,5
implementation,5
automatically,5
originally,4
disability,5
participation,5
personality,4
additionally,5
possibility,5
affordable,5
incorporated,5
psychological,5
motorcycle,3
emotionally,4
documentary,4
constitutional,5
recommendation,5
respectively,5
late,1
God,0
heart,0
n,0
cut,0
waiting,1
trust,1
June,1
point,1
law,1
buy,0
ago,1
police,1
thank,1
Son,1
city,1
C,0
sent,1
form,1
return,1
difficult,3
California,1
whatever,2
February,1
title,2
article,2
development,3
female,2
education,3
community,3
included,2
something,2
military,3
production,3
energy,3
particular,3
simple,2
popular,3
medical,3
according,3
university,3
international,4
do,0
make,0
by,0
but,0
well,0
get,0
me,0
most,0
him,0
now,0
what,0
would,0
two,0
this,0
like,0
are,0
because,1
people,1
i,0
A,0
the,0
in,0
is,0