epoch,train loss,val loss
1,0.26550750414524726,0.1801621400061408
2,0.17424463564190038,0.16051064563581494
3,0.1590590538397607,0.15407550269487288
4,0.14928531845296447,0.14987637305443358
5,0.14161240032141356,0.1474526333285354
6,0.13446174820938067,0.14582250993137771
7,0.1304926044671451,0.14296446917769168
8,0.12502980830940785,0.14165175289676282
9,0.12041620522454814,0.1407340337494703
10,0.11588679124360525,0.13998665085508238
11,0.11160825448548119,0.13825234557313737
12,0.1071478449135856,0.13692923244127433
13,0.10370949123072946,0.13652452655868108
14,0.10059740312502417,0.13649166004154484
15,0.09620297984869255,0.13651438858844023
16,0.0939960390158034,0.13582671910805327
17,0.09052760994324707,0.1353864282040685
18,0.0877528971760874,0.1370140202574742
19,0.08546047984363019,0.13642976534287116
20,0.08253382940544551,0.1353029983568312
21,0.0807582429164475,0.13556564864645773
22,0.07835900540468713,0.13595206630547915
23,0.0778008743383892,0.13649250501173615
24,0.07439673391137873,0.1363996053172353
25,0.07200845105744326,0.13511313940018285
26,0.07052766014298477,0.1346490493510668
27,0.06855942248681318,0.13575921175287464
28,0.06682380540047476,0.13555726446990832
29,0.06615676181318603,0.13645795718517267
30,0.0643614243153835,0.13642957544814693
31,0.06323226429340002,0.13619946757797044
32,0.061919461823325285,0.13442180677648796
33,0.06043574669689891,0.13635891136642872
34,0.05935728494768583,0.13546635349623554
35,0.057367210600714674,0.13594943496393702
36,0.05653441605356515,0.13588648182026242
37,0.05520108297582878,0.13615433674388766
38,0.0534841710832757,0.13615813571767002
39,0.05162729791917826,0.1361087558974779
40,0.050917455325929485,0.13659911082788126
