epoch,train_loss,val_loss
0,0.26111664534237394,0.17793756541388275
1,0.18349062717770145,0.16049358827651994
2,0.1650116122007995,0.15373495398767736
3,0.15548691238575937,0.14947137209183156
4,0.1492951654700628,0.14578035058257682
5,0.14351240146065825,0.14339933770820443
6,0.13829167187419497,0.14181091994419967
7,0.1341121809583894,0.13981388786682933
8,0.12891301367496472,0.13845194467207014
9,0.12575009049324215,0.13693019914399007
10,0.12079579944592612,0.13551315546825232
11,0.11829333574310351,0.13535096635048313
12,0.11573230798560935,0.1343967127199117
13,0.11169656938155989,0.13399148179249698
14,0.10907136479924893,0.13347368604607052
15,0.1062422031173901,0.1328332485785986
16,0.10394180950440594,0.1329879237830946
17,0.10100883089144042,0.13275324628360136
18,0.09944086690866667,0.1325579449655029
19,0.09700658884222756,0.13228424484454332
20,0.09527460176920718,0.13273340605084208
21,0.09183678147371255,0.13308588349047262
22,0.09029047542512458,0.13265158356639548
23,0.08955413534793903,0.1325378483976837
24,0.08771692206561826,0.1330091803717736
